"0","## Create final model"
"0","# because parameters are known, model can be fit without parameter tuning"
"0","fitControl <- trainControl(method = ""none"", classProbs = FALSE)"
"0","# extract the values from params"
"0","gbmFit <- train(meanPrice ~ ., data=df, distribution=""gaussian"", method = ""gbm"","
"0","trControl = fitControl,"
"0","verbose = FALSE,"
"0","## only a single model is passed to the"
"0","tuneGrid = data.frame(interaction.depth = 3,"
"0","n.trees = 750,"
"0","shrinkage = .01,"
"0","n.minobsinnode = 10),"
"0","metric = metric)"
