{"chunk_definitions":[{"row":11,"row_count":1,"visible":true,"expansion_state":0,"options":{"engine":"r","label":"setup","include":false},"document_id":"B98190E6","chunk_id":"csetup_chunk","chunk_label":"setup"},{"row":40,"row_count":1,"visible":true,"expansion_state":0,"options":{"engine":"r","label":"unnamed-chunk-43"},"document_id":"B98190E6","chunk_id":"cvwhz626e22hq","chunk_label":"unnamed-chunk-1"},{"row":45,"row_count":1,"visible":true,"expansion_state":0,"options":{"engine":"r","label":"unnamed-chunk-44"},"document_id":"B98190E6","chunk_id":"cdy50u052gfqt","chunk_label":"unnamed-chunk-2"},{"row":56,"row_count":1,"visible":true,"expansion_state":0,"options":{"engine":"r","label":"unnamed-chunk-45"},"document_id":"B98190E6","chunk_id":"c4fzoenatn8jp","chunk_label":"unnamed-chunk-3"},{"row":61,"row_count":1,"visible":true,"expansion_state":0,"options":{"engine":"r","label":"unnamed-chunk-46"},"document_id":"B98190E6","chunk_id":"cajhzx5vkb5b7","chunk_label":"unnamed-chunk-4"},{"row":68,"row_count":1,"visible":true,"expansion_state":0,"options":{"engine":"r","label":"unnamed-chunk-47"},"document_id":"B98190E6","chunk_id":"c9o65ntox6g4v","chunk_label":"unnamed-chunk-5"},{"row":74,"row_count":1,"visible":true,"expansion_state":0,"options":{"engine":"r","label":"unnamed-chunk-48"},"document_id":"B98190E6","chunk_id":"clg2qynrcvj02","chunk_label":"unnamed-chunk-6"},{"row":83,"row_count":1,"visible":true,"expansion_state":0,"options":{"engine":"r","label":"unnamed-chunk-61"},"document_id":"B98190E6","chunk_id":"cmu4o18yd60s3","chunk_label":"unnamed-chunk-7"},{"row":96,"row_count":1,"visible":true,"expansion_state":0,"options":{"engine":"r","label":"unnamed-chunk-50"},"document_id":"B98190E6","chunk_id":"cfkn5gj3gbjl8","chunk_label":"unnamed-chunk-8"},{"row":105,"row_count":1,"visible":true,"expansion_state":0,"options":{"engine":"r","label":"unnamed-chunk-51"},"document_id":"B98190E6","chunk_id":"c6y2d5c35hsmt","chunk_label":"unnamed-chunk-9"},{"row":113,"row_count":1,"visible":true,"expansion_state":0,"options":{"engine":"r","label":"unnamed-chunk-52"},"document_id":"B98190E6","chunk_id":"cxebe3v73mj4b","chunk_label":"unnamed-chunk-10"},{"row":117,"row_count":1,"visible":true,"expansion_state":0,"options":{"engine":"r","label":"unnamed-chunk-53"},"document_id":"B98190E6","chunk_id":"cgvnkv1x4i31d","chunk_label":"unnamed-chunk-11"},{"row":122,"row_count":1,"visible":true,"expansion_state":0,"options":{"engine":"r","label":"unnamed-chunk-54"},"document_id":"B98190E6","chunk_id":"cqssyyp26fi1u","chunk_label":"unnamed-chunk-12"},{"row":132,"row_count":1,"visible":true,"expansion_state":0,"options":{"engine":"r","label":"unnamed-chunk-55"},"document_id":"B98190E6","chunk_id":"clky3jpahr4g7","chunk_label":"unnamed-chunk-13"},{"row":150,"row_count":1,"visible":true,"expansion_state":0,"options":{"engine":"r","label":"unnamed-chunk-56"},"document_id":"B98190E6","chunk_id":"c64n4j82v8plq","chunk_label":"unnamed-chunk-14"},{"row":168,"row_count":1,"visible":true,"expansion_state":0,"options":{"engine":"r","label":"unnamed-chunk-62"},"document_id":"B98190E6","chunk_id":"cyxx855vsztvu","chunk_label":"unnamed-chunk-15"},{"row":180,"row_count":1,"visible":true,"expansion_state":0,"options":{"engine":"r","label":"unnamed-chunk-58"},"document_id":"B98190E6","chunk_id":"cnz58kwjw7759","chunk_label":"unnamed-chunk-16"},{"row":187,"row_count":1,"visible":true,"expansion_state":0,"options":{"engine":"r","label":"unnamed-chunk-59"},"document_id":"B98190E6","chunk_id":"ca9k7mr1d5gab","chunk_label":"unnamed-chunk-17"},{"row":192,"row_count":1,"visible":true,"expansion_state":0,"options":{"engine":"r","label":"unnamed-chunk-60"},"document_id":"B98190E6","chunk_id":"c61g6p8sqbe0c","chunk_label":"unnamed-chunk-18"}],"doc_write_time":1661168323,"working_dir":null,"default_chunk_options":{"echo":true}}